﻿<?xml version="1.0" encoding="utf-8"?>
<ILSpy version="2.4.0.1963">
  <AssemblyLists>
    <List name="(Default)">
      <Assembly>C:\Windows\Microsoft.NET\Framework64\v4.0.30319\mscorlib.dll</Assembly>
      <Assembly>C:\Windows\Microsoft.Net\assembly\GAC_MSIL\System\v4.0_4.0.0.0__b77a5c561934e089\System.dll</Assembly>
      <Assembly>C:\Windows\Microsoft.Net\assembly\GAC_MSIL\System.Core\v4.0_4.0.0.0__b77a5c561934e089\System.Core.dll</Assembly>
      <Assembly>C:\Windows\Microsoft.Net\assembly\GAC_MSIL\System.Xml\v4.0_4.0.0.0__b77a5c561934e089\System.Xml.dll</Assembly>
      <Assembly>C:\Windows\Microsoft.Net\assembly\GAC_MSIL\System.Xaml\v4.0_4.0.0.0__b77a5c561934e089\System.Xaml.dll</Assembly>
      <Assembly>C:\Windows\Microsoft.Net\assembly\GAC_MSIL\WindowsBase\v4.0_4.0.0.0__31bf3856ad364e35\WindowsBase.dll</Assembly>
      <Assembly>C:\Windows\Microsoft.Net\assembly\GAC_64\PresentationCore\v4.0_4.0.0.0__31bf3856ad364e35\PresentationCore.dll</Assembly>
      <Assembly>C:\Windows\Microsoft.Net\assembly\GAC_MSIL\PresentationFramework\v4.0_4.0.0.0__31bf3856ad364e35\PresentationFramework.dll</Assembly>
      <Assembly>D:\SubVersion\01_ACCESSIBLE\JamesHome4\Modules_Build\Examples\Emulations\APPLE_Homekit\Java-Projekt\ILSpyPortable_2.4.0\App\ILSpy\ICSharpCode.TreeView.dll</Assembly>
      <Assembly>D:\SubVersion\01_ACCESSIBLE\JamesHome4\Modules_Build\Examples\Emulations\APPLE_Homekit\Java-Projekt\ILSpyPortable_2.4.0\App\ILSpy\Mono.Cecil.dll</Assembly>
      <Assembly>D:\SubVersion\01_ACCESSIBLE\JamesHome4\Modules_Build\Examples\Emulations\APPLE_Homekit\Java-Projekt\ILSpyPortable_2.4.0\App\ILSpy\ICSharpCode.AvalonEdit.dll</Assembly>
      <Assembly>D:\SubVersion\01_ACCESSIBLE\JamesHome4\Modules_Build\Examples\Emulations\APPLE_Homekit\Java-Projekt\ILSpyPortable_2.4.0\App\ILSpy\ICSharpCode.Decompiler.dll</Assembly>
      <Assembly>D:\SubVersion\01_ACCESSIBLE\JamesHome4\Modules_Build\Examples\Emulations\APPLE_Homekit\Java-Projekt\ILSpyPortable_2.4.0\App\ILSpy\ILSpy.exe</Assembly>
      <Assembly>D:\SubVersion\01_ACCESSIBLE\JamesHome4\Modules_Build\Examples\Emulations\APPLE_Homekit\Java-Projekt\00_IKVM_Converter\com.beowulfe.hap.dll</Assembly>
      <Assembly>D:\SubVersion\01_ACCESSIBLE\JamesHome4\Modules_Build\Examples\Emulations\APPLE_Homekit\Java-Projekt\00_IKVM_Converter\com.beowulfe.hap.exe</Assembly>
      <Assembly>D:\SubVersion\01_ACCESSIBLE\JamesHome4\Modules_Build\Examples\Emulations\APPLE_Homekit\Java-Projekt\01_IKVM_Converted\com.beowulfe.hap.dll</Assembly>
    </List>
  </AssemblyLists>
  <UpdateSettings>
    <AutomaticUpdateCheckEnabled>false</AutomaticUpdateCheckEnabled>
  </UpdateSettings>
  <SessionSettings>
    <FilterSettings>
      <ShowInternalAPI>false</ShowInternalAPI>
      <Language>VB</Language>
    </FilterSettings>
    <ActiveAssemblyList>(Default)</ActiveAssemblyList>
    <ActiveTreeViewPath>
      <Node>com\x002Ebeowulfe\x002Ehap\x0020\x00280\x002E0\x002E0\x002E0\x0029</Node>
      <Node>com\x002Ebeowulfe\x002Ehap\x002Esample</Node>
      <Node>MockAuthInfo</Node>
      <Node>createUser\x0028String\x002C\x0020Byte\x0028\x0029\x0029\x0020\x003A\x0020Void</Node>
    </ActiveTreeViewPath>
    <WindowState>Maximized</WindowState>
    <WindowBounds>772,221,750,550</WindowBounds>
    <SplitterPosition>0.4</SplitterPosition>
    <TopPaneSplitterPosition>0.3</TopPaneSplitterPosition>
    <BottomPaneSplitterPosition>0.3</BottomPaneSplitterPosition>
  </SessionSettings>
</ILSpy>